{"times": {"temperature": {"lzmh": {"0": 0.0005907500000002841}, "zlib": {"1": 0.00509925, "2": 0.005087450000000002, "3": 0.005062600000000005, "4": 0.005092649999999988, "5": 0.0050000500000000146, "6": 0.00509925, "7": 0.005064049999999975, "8": 0.005108099999999999, "9": 0.005026349999999974}, "bzip2": {"1": 0.0009345999999986532, "2": 0.0009451499999993729, "3": 0.0009051499999994661, "4": 0.0009190500000002544, "5": 0.0009001500000007212, "6": 0.000932500000001113, "7": 0.0009096499999980523, "8": 0.0009340999999995602, "9": 0.0009163000000004473}, "lzma": {"0": 0.001532950000000355, "1": 0.0016997000000028351, "2": 0.0016758499999987464, "3": 0.0016403500000006233, "4": 0.0016401000000012544, "5": 0.0017254999999984477, "6": 0.0017341000000001827, "7": 0.0018329000000008478, "8": 0.0017346499999995046, "9": 0.001750999999999081}, "zstd": {"1": 0.0019997499999991676, "2": 0.002122450000000242, "3": 0.0024623499999999686, "4": 0.0032956499999995613, "5": 0.0040164000000014076, "6": 0.004040000000000532, "7": 0.0060360999999995, "8": 0.00610689999999865, "9": 0.010165049999998477, "10": 0.018469549999999658, "11": 0.018491149999999835, "12": 0.03513975000000134, "13": 0.023881499999999622, "14": 0.034825150000000436, "15": 0.04692364999999867, "16": 0.023903649999998767, "17": 0.035334449999998976, "18": 0.03527855000000173, "19": 0.05843140000000009}, "lzo": {"1": 0.0009439999999997006, "2": 0.0009602000000011657, "3": 0.0010125999999996082, "4": 0.0009614999999993046, "5": 0.0009657999999995503, "6": 0.0009493499999995159, "7": 0.0011088000000015086, "8": 0.001093500000000347, "9": 0.0011131500000008288}, "brotli": {"0": 0.00094594999999984, "1": 0.0009199499999997141, "2": 0.0010564500000002307, "3": 0.0010205999999999716, "4": 0.0010661500000002544, "5": 0.0011191000000000174, "6": 0.0011178500000000647, "7": 0.0011407999999997643, "8": 0.0011326500000000904, "9": 0.0011692500000000995, "10": 0.0020112000000000576, "11": 0.002144150000000078}}, "battery": {"lzmh": {"0": 0.0005873000000018891}, "zlib": {"1": 0.005113949999999978, "2": 0.005058199999999985, "3": 0.0050297500000000325, "4": 0.005023050000000029, "5": 0.005013100000000071, "6": 0.005110550000000047, "7": 0.0050283999999999884, "8": 0.005032650000000072, "9": 0.005056150000000037}, "bzip2": {"1": 0.0009140999999999622, "2": 0.0008945499999985174, "3": 0.000919600000001708, "4": 0.001013500000000178, "5": 0.0009085000000002453, "6": 0.0009300500000019695, "7": 0.0009075000000002831, "8": 0.0009113999999986078, "9": 0.0009148000000017475}, "lzma": {"0": 0.001531449999998813, "1": 0.0016514500000006649, "2": 0.0016487999999981184, "3": 0.0016106500000020673, "4": 0.0016151999999966193, "5": 0.0016602999999992818, "6": 0.0017083499999984042, "7": 0.001707100000000139, "8": 0.001675899999999686, "9": 0.0017181999999998255}, "zstd": {"1": 0.001960599999998891, "2": 0.0020753500000006754, "3": 0.0024543000000015525, "4": 0.003375750000001965, "5": 0.004000650000000938, "6": 0.004088400000000903, "7": 0.006094899999999725, "8": 0.006112850000000236, "9": 0.010250949999998227, "10": 0.018954549999999237, "11": 0.01850174999999954, "12": 0.034890799999999264, "13": 0.02410189999999961, "14": 0.03486240000000098, "15": 0.04613494999999954, "16": 0.024051800000000335, "17": 0.03491505000000128, "18": 0.03543855000000047, "19": 0.05904980000000002}, "lzo": {"1": 0.0009724500000004354, "2": 0.0009422500000003886, "3": 0.0009763500000001812, "4": 0.0009634000000001031, "5": 0.0009372999999994747, "6": 0.0009577499999999795, "7": 0.0012124999999996611, "8": 0.001100100000001092, "9": 0.0010882500000001904}, "brotli": {"0": 0.0008984999999998688, "1": 0.0009396999999997657, "2": 0.0010481499999998255, "3": 0.0010857000000001004, "4": 0.001090849999999932, "5": 0.0010991500000000266, "6": 0.0011075999999999643, "7": 0.0011815499999999536, "8": 0.0011729499999998615, "9": 0.0011873499999999649, "10": 0.002019250000000383, "11": 0.0021184000000000315}}, "humidity": {"lzmh": {"0": 0.0005721999999984462}, "zlib": {"1": 0.005051049999999946, "2": 0.00513619999999998, "3": 0.005129300000000015, "4": 0.005069849999999931, "5": 0.005103999999999953, "6": 0.005141899999999944, "7": 0.005058249999999975, "8": 0.0051446999999999795, "9": 0.005037200000000075}, "bzip2": {"1": 0.0009086500000019982, "2": 0.0009117499999987899, "3": 0.000928750000001699, "4": 0.0008989500000019746, "5": 0.0009215499999982058, "6": 0.0009066500000027844, "7": 0.0009240999999995836, "8": 0.0009259500000002418, "9": 0.0009376500000001897}, "lzma": {"0": 0.0015593999999993003, "1": 0.0016663499999999942, "2": 0.0016991500000010263, "3": 0.0017002499999989595, "4": 0.0016920499999987016, "5": 0.0017187500000016343, "6": 0.0017478500000006393, "7": 0.0017631000000022823, "8": 0.0017442999999982335, "9": 0.0017539999999975464}, "zstd": {"1": 0.0019375999999999393, "2": 0.002061899999999994, "3": 0.002411300000000871, "4": 0.0032783999999992375, "5": 0.004010649999999849, "6": 0.0040215500000009285, "7": 0.006081000000000359, "8": 0.006117050000001001, "9": 0.01019185000000089, "10": 0.018490200000000456, "11": 0.018458450000000504, "12": 0.03492639999999856, "13": 0.02427129999999931, "14": 0.03489735000000014, "15": 0.04605084999999942, "16": 0.02387959999999918, "17": 0.03492100000000118, "18": 0.03538865000000069, "19": 0.05846614999999868}, "lzo": {"1": 0.0009649500000003641, "2": 0.0009970000000000035, "3": 0.0009971000000003726, "4": 0.000971050000000595, "5": 0.0009479999999999933, "6": 0.0009629499999992853, "7": 0.0011602500000000404, "8": 0.0011199500000004469, "9": 0.0011132999999997396}, "brotli": {"0": 0.0009111499999998162, "1": 0.0009352999999998168, "2": 0.0010549000000001029, "3": 0.001092849999999901, "4": 0.0011271500000003877, "5": 0.0011371999999999715, "6": 0.0011282000000000457, "7": 0.0011716999999999533, "8": 0.001164950000000209, "9": 0.0011848999999999332, "10": 0.002036149999999859, "11": 0.0020260500000001346}}, "image": {"lzmh": {"0": 0.17320274999999902}, "zlib": {"1": 0.01834189999999989, "2": 0.02098290000000007, "3": 0.03154535000000007, "4": 0.02707315000000008, "5": 0.04353980000000017, "6": 0.07806619999999986, "7": 0.11298039999999991, "8": 0.2761959999999998, "9": 0.4452090499999998}, "bzip2": {"1": 0.0591014000000019, "2": 0.05676259999999722, "3": 0.05627459999999864, "4": 0.05850095000000408, "5": 0.061946399999999714, "6": 0.06020780000000201, "7": 0.06151804999999726, "8": 0.06331480000000163, "9": 0.06361670000000252}, "lzma": {"0": 0.06554294999999719, "1": 0.06653969999999951, "2": 0.08790779999999962, "3": 0.11738539999999986, "4": 0.29900284999999655, "5": 0.39441415000000574, "6": 0.3945260500000039, "7": 0.40326614999999855, "8": 0.4136042499999991, "9": 0.41250214999999707}, "zstd": {"1": 0.008964249999998942, "2": 0.010010400000000174, "3": 0.010683050000000449, "4": 0.011797199999999819, "5": 0.018383499999997534, "6": 0.022717400000001397, "7": 0.02844694999999984, "8": 0.03528340000000067, "9": 0.03950520000000264, "10": 0.06047180000000303, "11": 0.07635170000000394, "12": 0.09362495000000237, "13": 0.1440934999999975, "14": 0.18673155000000108, "15": 0.21097559999999937, "16": 0.251311100000002, "17": 0.27045929999999635, "18": 0.34524704999999545, "19": 0.3979755500000032}, "lzo": {"1": 0.004641149999999428, "2": 0.004822099999999363, "3": 0.00485774999999915, "4": 0.004652499999999726, "5": 0.004784999999998441, "6": 0.004731349999998713, "7": 0.13856214999999955, "8": 0.5133863499999991, "9": 0.6459389499999996}, "brotli": {"0": 0.0056380000000005644, "1": 0.008070300000000596, "2": 0.012424500000000371, "3": 0.014397099999999784, "4": 0.023713250000000175, "5": 0.04000389999999956, "6": 0.050155699999999824, "7": 0.07314254999999958, "8": 0.10420450000000056, "9": 0.15373264999999922, "10": 0.6357194500000011, "11": 1.8805191999999997}}, "position": {"lzmh": {"0": 0.000612000000000279}, "zlib": {"1": 0.005102849999999682, "2": 0.0049798499999991865,