{"times": {"temperature": {"lzmh": {"0": 1.8650000000000003e-05}, "zlib": {"1": 0.005154149999999998, "2": 0.005104800000000001, "3": 0.005436549999999998, "4": 0.005074999999999999, "5": 0.005052650000000022, "6": 0.0051176000000000025, "7": 0.00504725000000002, "8": 0.005111550000000004, "9": 0.004998949999999997}, "bzip2": {"1": 0.0008978000000013254, "2": 0.0009277000000018631, "3": 0.0009152999999979983, "4": 0.0009325000000021788, "5": 0.000898900000002456, "6": 0.0009241499999998126, "7": 0.0009718500000008845, "8": 0.0009094499999999783, "9": 0.0009025499999985697}, "lzma": {"0": 0.001569549999999964, "1": 0.001656849999999821, "2": 0.001718299999999573, "3": 0.0017438499999979484, "4": 0.0017491499999994886, "5": 0.0017143500000006639, "6": 0.0017006000000012733, "7": 0.0016948000000009955, "8": 0.0017145999999996775, "9": 0.0017355500000004298}, "zstd": {"1": 0.0019116500000009751, "2": 0.002277600000000568, "3": 0.0024202499999996796, "4": 0.0033060500000006597, "5": 0.0040321000000008485, "6": 0.004019649999999775, "7": 0.00612930000000036, "8": 0.006146399999998486, "9": 0.010292050000000951, "10": 0.018502900000000367, "11": 0.0184249000000003, "12": 0.034935899999999444, "13": 0.02405689999999865, "14": 0.035089099999999096, "15": 0.04604029999999941, "16": 0.024050049999999247, "17": 0.03500829999999899, "18": 0.03527175000000042, "19": 0.05770799999999952}, "lzo": {"1": 0.0009919500000004078, "2": 0.0009567999999998023, "3": 0.0009685499999998015, "4": 0.0009906000000003523, "5": 0.0009344000000000463, "6": 0.0009637000000010332, "7": 0.0011142000000013753, "8": 0.0011503999999999514, "9": 0.0011111500000002827}, "brotli": {"0": 0.0009037500000001142, "1": 0.0009839500000001333, "2": 0.001054400000000122, "3": 0.0010564000000000018, "4": 0.0010819500000002868, "5": 0.0011125500000002564, "6": 0.0010925500000000365, "7": 0.0011317999999998385, "8": 0.001164249999999889, "9": 0.0011842999999999825, "10": 0.0019999500000000394, "11": 0.002073899999999851}}, "battery": {"lzmh": {"0": 2.175e-05}, "zlib": {"1": 0.005010249999999994, "2": 0.004979649999999991, "3": 0.005091400000000024, "4": 0.004984450000000018, "5": 0.004983649999999984, "6": 0.004997750000000012, "7": 0.0050922999999999715, "8": 0.005152650000000036, "9": 0.004996950000000011}, "bzip2": {"1": 0.0009342999999997659, "2": 0.0009234500000015799, "3": 0.0009030000000020521, "4": 0.0009136000000008693, "5": 0.0009489999999999554, "6": 0.0009318999999987198, "7": 0.0009555499999994055, "8": 0.0009211499999999262, "9": 0.0009206500000001228}, "lzma": {"0": 0.001535850000000849, "1": 0.001604650000001584, "2": 0.001646550000000957, "3": 0.0016794500000020917, "4": 0.0016883500000020035, "5": 0.0017294000000003251, "6": 0.0016397999999998802, "7": 0.0016635499999981818, "8": 0.001678650000000914, "9": 0.001663350000000463}, "zstd": {"1": 0.002021949999999428, "2": 0.002093150000000854, "3": 0.002471099999999815, "4": 0.0033609500000000734, "5": 0.004014049999999969, "6": 0.004067100000000679, "7": 0.006194850000000862, "8": 0.006193550000000769, "9": 0.010281799999998143, "10": 0.01881090000000114, "11": 0.018686400000000346, "12": 0.03497359999999965, "13": 0.024049850000000282, "14": 0.03490224999999878, "15": 0.045792750000000736, "16": 0.02395580000000024, "17": 0.03495369999999909, "18": 0.03589874999999978, "19": 0.05784869999999973}, "lzo": {"1": 0.0009678499999996148, "2": 0.0009817499999996038, "3": 0.000952450000000038, "4": 0.000956949999998713, "5": 0.0009554500000002797, "6": 0.0010522499999989776, "7": 0.001102599999999576, "8": 0.0011076500000011258, "9": 0.001112949999999735}, "brotli": {"0": 0.0008895499999998612, "1": 0.0009222500000001244, "2": 0.0010705000000000187, "3": 0.0010482499999997952, "4": 0.0010596000000000938, "5": 0.0011206500000000119, "6": 0.0011511499999998787, "7": 0.0011422000000000487, "8": 0.0011548500000001295, "9": 0.001185400000000092, "10": 0.0019799999999999597, "11": 0.0020807500000000977}}, "humidity": {"lzmh": {"0": 1.7850000000000004e-05}, "zlib": {"1": 0.004975799999999986, "2": 0.004986399999999991, "3": 0.005046199999999989, "4": 0.0051047000000000505, "5": 0.0050148999999999775, "6": 0.004984150000000032, "7": 0.005059950000000035, "8": 0.005151499999999931, "9": 0.005051750000000044}, "bzip2": {"1": 0.0009063000000001153, "2": 0.0009162000000003445, "3": 0.000924850000001598, "4": 0.0009173000000004094, "5": 0.0009158500000012281, "6": 0.0009684000000000026, "7": 0.0009497500000005488, "8": 0.0009088499999979405, "9": 0.0009217000000010245}, "lzma": {"0": 0.0015078499999983564, "1": 0.0016229000000006267, "2": 0.0016502000000013339, "3": 0.001639499999999927, "4": 0.0016829500000000053, "5": 0.001700349999998707, "6": 0.0017626500000009315, "7": 0.0017556999999971622, "8": 0.0018136500000000666, "9": 0.0017056000000000183}, "zstd": {"1": 0.0019676500000002763, "2": 0.0021100000000000563, "3": 0.0024417999999997164, "4": 0.003304050000000025, "5": 0.004038049999999416, "6": 0.003991899999999405, "7": 0.006127200000000244, "8": 0.0061236000000008065, "9": 0.010201699999999647, "10": 0.01868434999999984, "11": 0.0184789999999996, "12": 0.035170300000000765, "13": 0.024240549999999493, "14": 0.03493855000000039, "15": 0.0459822499999996, "16": 0.024133650000000274, "17": 0.03485049999999905, "18": 0.035297249999999815, "19": 0.0581246000000009}, "lzo": {"1": 0.0009663000000005972, "2": 0.0009829999999996452, "3": 0.0009563000000006206, "4": 0.0010060500000001582, "5": 0.0009553499999998216, "6": 0.0010292999999999886, "7": 0.001099249999999863, "8": 0.001130699999999507, "9": 0.0010992499999995075}, "brotli": {"0": 0.0009161999999998561, "1": 0.0009118999999998323, "2": 0.0010631000000000945, "3": 0.001040850000000182, "4": 0.0010990499999998793, "5": 0.001124150000000368, "6": 0.001149750000000127, "7": 0.001176850000000229, "8": 0.001168749999999763, "9": 0.0011620499999998035, "10": 0.002094000000000129, "11": 0.002065349999999899}}, "image": {"lzmh": {"0": 0.00017121425000000002}, "zlib": {"1": 0.017924699999999995, "2": 0.02043324999999996, "3": 0.031233950000000087, "4": 0.027762349999999915, "5": 0.04427459999999987, "6": 0.0784743500000001, "7": 0.1127805499999999, "8": 0.27464325, "9": 0.44565910000000014}, "bzip2": {"1": 0.056663549999999674, "2": 0.05721060000000229, "3": 0.05668450000000114, "4": 0.05841425000000022, "5": 0.06075204999999677, "6": 0.06144610000000235, "7": 0.06142775, "8": 0.062404250000000515, "9": 0.06445480000000323}, "lzma": {"0": 0.06504095000000412, "1": 0.06617354999999706, "2": 0.08796489999999899, "3": 0.11769644999999969, "4": 0.29967310000000075, "5": 0.39392055, "6": 0.3936052, "7": 0.40402744999999707, "8": 0.41362340000000125, "9": 0.41245264999999875}, "zstd": {"1": 0.008978049999998027, "2": 0.009777000000001302, "3": 0.01068844999999996, "4": 0.011768750000000416, "5": 0.01804275000000253, "6": 0.022788399999999244, "7": 0.028493650000000946, "8": 0.034987700000000996, "9": 0.03973179999999985, "10": 0.06043869999999778, "11": 0.07655014999999957, "12": 0.09398220000000315, "13": 0.14403999999999967, "14": 0.18833564999999872, "15": 0.21056544999999857, "16": 0.2523052500000009, "17": 0.27170360000000215, "18": 0.3456796499999985, "19": 0.39797700000000447}, "lzo": {"1": 0.004751600000003009, "2": 0.004699300000000228, "3": 0.004694300000001217, "4": 0.00470505000000081, "5": 0.00462475000000131, "6": 0.004703749999999829, "7": 0.13804894999999862, "8": 0.5128990499999989, "9": 0.6419879999999989}, "brotli": {"0": 0.00564914999999977, "1": 0.007977000000000345, "2": 0.012627450000000272, "3": 0.014370100000000451, "4": 0.024015600000000248, "5": 0.040086100000000034, "6": 0.049729799999999894, "7": 0.07387900000000033, "8": 0.1041039000000001, "9": 0.15475389999999972, "10": 0.63698095, "11": 1.8816933500000013}}, "position": {"lzmh": {"0": 1.8950000000000007e-05}, "zlib": {"1": 0.005199949999999909, "2": 0.004997050000000369, "3": 0.005005050000000111, "4": 0.005065749999999825,