{"times": {"battery": {"zlib": {"1": 0.003181569999999989, "2": 0.003200479999999995, "3": 0.003180299999999974, "4": 0.0031370400000000098, "5": 0.0031651100000000105, "6": 0.003146679999999985, "7": 0.0031875399999999783, "8": 0.003135210000000014, "9": 0.0031788399999999974}, "bzip2": {"1": 0.0005879600000003648, "2": 0.0005909800000006981, "3": 0.0005992199999998604, "4": 0.0005975299999998641, "5": 0.0005945799999992828, "6": 0.0006068799999996698, "7": 0.0006089700000005037, "8": 0.0005889000000003365, "9": 0.0005915300000000556}, "lzma": {"0": 0.0007314100000013468, "1": 0.0007981399999995632, "2": 0.0007948299999993936, "3": 0.0007914100000008162, "4": 0.0008300299999999793, "5": 0.0008436200000000938, "6": 0.0008414399999992028, "7": 0.0008388200000005952, "8": 0.0008440200000011088, "9": 0.000847079999999778}, "zstd": {"1": 0.0009561000000013565, "2": 0.0010298100000000689, "3": 0.0012282400000013637, "4": 0.0017159100000007752, "5": 0.0020455500000005596, "6": 0.002064019999997839, "7": 0.0030793100000001765, "8": 0.0030421000000012558, "9": 0.005006829999999239, "10": 0.00873212000000052, "11": 0.008698899999997707, "12": 0.01597771000000037, "13": 0.01118847999999879, "14": 0.01599177000000061, "15": 0.020653530000002716, "16": 0.011189709999999877, "17": 0.016011159999996423, "18": 0.01617971999999952, "19": 0.02536094000000048}, "lzo": {"1": 0.0005875699999998574, "2": 0.0005950300000023389, "3": 0.0005834400000014739, "4": 0.0005931799999993359, "5": 0.0005953499999998257, "6": 0.0005822200000017119, "7": 0.0006606299999987186, "8": 0.0006594299999994746, "9": 0.000689739999999972}, "brotli": {"0": 0.0005770400000020004, "1": 0.0005804300000031049, "2": 0.0006521799999984524, "3": 0.0006483600000021285, "4": 0.0006580900000008683, "5": 0.0006580100000024914, "6": 0.0006798399999988192, "7": 0.0006765699999982644, "8": 0.000690149999999221, "9": 0.0006899500000017155, "10": 0.0013322700000026088, "11": 0.001397700000005102}, "lzmh": {"0": 0.0009390900000008174}}, "detectedImages": {"zlib": {"1": 0.01319912000000018, "2": 0.014419490000000524, "3": 0.021398509999999985, "4": 0.01917685999999995, "5": 0.0291570000000001, "6": 0.05510799999999981, "7": 0.08303821000000018, "8": 0.2259295399999998, "9": 0.34112820000000016}, "bzip2": {"1": 0.04018525000000071, "2": 0.04044760000000082, "3": 0.04067508000000054, "4": 0.04191828000000068, "5": 0.04299667999999912, "6": 0.04276480000000181, "7": 0.04283641000000003, "8": 0.04349462000000021, "9": 0.04396782999999957}, "lzma": {"0": 0.04032503000000155, "1": 0.03968452999999706, "2": 0.05242046999999896, "3": 0.06901774000000113, "4": 0.1807599999999986, "5": 0.26842404999999925, "6": 0.26715633999999955, "7": 0.2703633199999997, "8": 0.2720346200000022, "9": 0.27230824000000214}, "zstd": {"1": 0.004989550000000093, "2": 0.005584409999997603, "3": 0.005600969999998924, "4": 0.006096810000001085, "5": 0.010958819999996833, "6": 0.014028089999996782, "7": 0.01938916999999961, "8": 0.025056220000000944, "9": 0.027572289999997675, "10": 0.039452630000002466, "11": 0.05592389000000061, "12": 0.06361755000000216, "13": 0.08062166000000047, "14": 0.10772458000000454, "15": 0.12094510999999686, "16": 0.15790573000000085, "17": 0.17319506999999887, "18": 0.22509979000000083, "19": 0.25734898999999695}, "lzo": {"1": 0.0031091299999957303, "2": 0.003112269999999455, "3": 0.0031187800000049034, "4": 0.00311944000000068, "5": 0.0031290400000008843, "6": 0.003137470000002622, "7": 0.09328780999999965, "8": 0.3925114999999934, "9": 0.4818583400000039}, "brotli": {"0": 0.003782759999996301, "1": 0.00542639999999551, "2": 0.007889429999999323, "3": 0.009042529999998123, "4": 0.014122460000002942, "5": 0.02298915999999821, "6": 0.028853010000009078, "7": 0.042814010000004434, "8": 0.06205727999999994, "9": 0.09510915999999212, "10": 0.4381835299999949, "11": 1.2176012100000002}, "lzmh": {"0": 0.44258241000000575}}, "humidity": {"zlib": {"1": 0.0032095800000008267, "2": 0.0032820500000002454, "3": 0.0032646400000004667, "4": 0.003189900000000163, "5": 0.0032518900000005407, "6": 0.003343140000000214, "7": 0.00326679000000083, "8": 0.003212030000000006, "9": 0.0031624200000003816}, "bzip2": {"1": 0.0005852800000010917, "2": 0.0005910300000001456, "3": 0.0005863999999994008, "4": 0.0006013399999989488, "5": 0.0005980099999995404, "6": 0.0005910800000004811, "7": 0.0005932699999990021, "8": 0.0005784700000002373, "9": 0.000588399999999787}, "lzma": {"0": 0.0007418999999989496, "1": 0.0008122699999981364, "2": 0.0008078200000002766, "3": 0.0008134400000000851, "4": 0.0008320200000002841, "5": 0.0008410800000007868, "6": 0.0008472100000011552, "7": 0.0008459799999987183, "8": 0.0008473200000012327, "9": 0.0008402799999997513}, "zstd": {"1": 0.0009475599999991858, "2": 0.0009951299999977434, "3": 0.0011726499999997488, "4": 0.0016273400000000038, "5": 0.0019970899999994175, "6": 0.0019971099999999352, "7": 0.0030442399999977, "8": 0.003028030000000257, "9": 0.005046750000000628, "10": 0.008862799999999707, "11": 0.008848920000003205, "12": 0.016208520000000563, "13": 0.011455240000000658, "14": 0.01635882000000024, "15": 0.020993149999996918, "16": 0.011496800000000322, "17": 0.016360260000001434, "18": 0.016474769999999094, "19": 0.025717070000001313}, "lzo": {"1": 0.0005751000000014984, "2": 0.0005846499999967137, "3": 0.0005908900000031281, "4": 0.0005822100000017372, "5": 0.0005913999999953034, "6": 0.000585960000000796, "7": 0.0006613199999935659, "8": 0.0006565699999981689, "9": 0.0006710400000028472}, "brotli": {"0": 0.0005693699999983436, "1": 0.0005830399999985047, "2": 0.0006338300000030017, "3": 0.0006300700000002734, "4": 0.0006544099999970855, "5": 0.000677539999999226, "6": 0.0006611100000014858, "7": 0.0006828199999955587, "8": 0.0006746399999985897, "9": 0.00068846000000093, "10": 0.0012166099999973315, "11": 0.001265840000006051}, "lzmh": {"0": 0.0009722300000015594}}, "position": {"zlib": {"1": 0.0032490900000001583, "2": 0.003215810000000943, "3": 0.0031987300000000294, "4": 0.0031385399999994414, "5": 0.003229890000000531, "6": 0.0032520999999999314, "7": 0.0032305000000004995, "8": 0.0032115399999998752, "9": 0.003204310000000614}, "bzip2": {"1": 0.0005910300000000745, "2": 0.0006007799999995455, "3": 0.0005947600000000008, "4": 0.000597010000001248, "5": 0.0005953699999992424, "6": 0.0005925800000002468, "7": 0.0006028799999999279, "8": 0.0005918200000016683, "9": 0.0005924199999995849}, "lzma": {"0": 0.00075819999999986, "1": 0.0008076900000017418, "2": 0.0008069799999986316, "3": 0.0008156399999996466, "4": 0.000813390000000709, "5": 0.0008245899999985085, "6": 0.0008479900000004648, "7": 0.0008402700000008423, "8": 0.0008608000000005945, "9": 0.0008997499999991732}, "zstd": {"1": 0.0009460699999996791, "2": 0.0010072999999989917, "3": 0.0011842799999990917, "4": 0.0016490900000006546, "5": 0.00206899000000007, "6": 0.002054029999997766, "7": 0.0030994299999998988, "8": 0.0031268299999990742, "9": 0.005139810000002853, "10": 0.009041460000000967, "11": 0.008926769999999067, "12": 0.0163972199999985, "13": 0.011464190000002504, "14": 0.016328449999997333, "15": 0.02103297999999782, "16": 0.011448830000002063, "17": 0.016294319999999942, "18": 0.01642055999999968, "19": 0.025760119999999064}, "lzo": {"1": 0.0005962599999992335, "2": 0.0005957799999958979, "3": 0.0006028899999986949, "4": 0.0005889999999979523, "5": 0.0005983500000013464, "6": 0.0005821200000056593, "7": 0.0006567300000048704, "8": 0.0006626600000006988, "9": 0.0006643899999997416}, "brotli": {"0": 0.0005685999999997195, "1": 0.0005845200000015893, "2": 0.0006379700000019283, "3": 0.0006313399999939407, "4": 0.0006572599999989848, "5": 0.0006570099999999002, "6": 0.0006788399999973648, "7": 0.0006801500000042892, "8": 0.0006880300000057104, "9": 0.0007124000000001729, "10": 0.0012653799999930017, "11": 0.001295900000002348}, "lzmh": {"0": 0.0009368700000015907}}, "temperature": {"zlib": {"1": 0.0031732699999989936,