{"times": {"image": {"zlib": {"1": 0.04646210000000006, "2": 0.04730419999999995, "3": 0.05147580000000003, "4": 0.061284400000000086, "5": 0.07044689999999994, "6": 0.07960579999999992, "7": 0.08451109999999995, "8": 0.09058799999999996, "9": 0.09036010000000008}, "bzip2": {"1": 0.21873789999999987, "2": 0.22244269999999938, "3": 0.22235079999999927, "4": 0.22432689999999927, "5": 0.22890010000000025, "6": 0.2317571000000002, "7": 0.2331181999999989, "8": 0.23577539999999972, "9": 0.23684549999999938}, "lzma": {"0": 0.16925050000000214, "1": 0.19180399999999703, "2": 0.24324320000000027, "3": 0.2869092000000002, "4": 0.5272843999999999, "5": 0.6752855000000016, "6": 0.7758892999999991, "7": 0.7861726000000001, "8": 0.8048918000000022, "9": 0.8034676999999999}, "zstd": {"1": 0.014641399999999916, "2": 0.01727789999999709, "3": 0.021034500000000556, "4": 0.023697499999997707, "5": 0.03384069999999797, "6": 0.041387800000001286, "7": 0.04919240000000143, "8": 0.057506500000001105, "9": 0.06620419999999996, "10": 0.08702210000000017, "11": 0.11828590000000236, "12": 0.1358357999999976, "13": 0.22816200000000064, "14": 0.27115039999999846, "15": 0.30886710000000034, "16": 0.39074060000000077, "17": 0.4384135999999989, "18": 0.597209800000001, "19": 0.7711460999999988}, "lzo": {"1": 0.009921899999996242, "2": 0.009924500000003356, "3": 0.010123600000001431, "4": 0.009862300000002122, "5": 0.010040499999999675, "6": 0.010173799999997435, "7": 0.1246191000000028, "8": 0.1838092000000014, "9": 0.18548379999999706}, "brotli": {"0": 0.013904400000001083, "1": 0.017591000000002667, "2": 0.028822199999996377, "3": 0.034842700000004535, "4": 0.0548340000000012, "5": 0.10085659999999841, "6": 0.1267892999999999, "7": 0.1858054000000026, "8": 0.23201479999999855, "9": 0.2943812999999954, "10": 3.8909853000000028, "11": 6.3146375000000035}, "lzmh": {"0": 2.4230221000000056}}}, "sizes": {"image": {"raw": 3418032.0, "zlib": {"1": 1400635.8, "2": 1361660.4, "3": 1316067.7, "4": 1320752.9, "5": 1286713.0, "6": 1268224.8, "7": 1266512.5, "8": 1266092.5, "9": 1266075.7}, "bzip2": {"1": 1131621.7, "2": 1075908.7, "3": 1052550.2, "4": 1036104.8, "5": 1023876.4, "6": 1016164.5, "7": 1007648.3, "8": 1004850.9, "9": 999670.2}, "lzma": {"0": 1170889.3, "1": 1097162.5, "2": 1074031.2, "3": 1065029.1, "4": 990362.5, "5": 964540.7, "6": 954508.1, "7": 954508.1, "8": 954508.1, "9": 954508.1}, "zstd": {"1": 1460544.6, "2": 1379784.3, "3": 1318184.6, "4": 1295444.1, "5": 1227787.2, "6": 1217685.6, "7": 1196795.7, "8": 1188323.1, "9": 1184576.9, "10": 1175693.9, "11": 1170956.8, "12": 1170701.4, "13": 1172846.3, "14": 1165578.2, "15": 1162582.9, "16": 1123006.7, "17": 1106160.5, "18": 1066719.5, "19": 1064448.2}, "lzo": {"1": 1948935.6, "2": 1931964.3, "3": 1931964.3, "4": 1931964.3, "5": 1931964.3, "6": 1931964.3, "7": 1446813.2, "8": 1443192.3, "9": 1443183.3}, "brotli": {"0": 1463922.3, "1": 1414460.5, "2": 1351070.3, "3": 1353134.5, "4": 1310803.5, "5": 1187450.8, "6": 1167810.5, "7": 1133504.9, "8": 1127865.0, "9": 1116138.7, "10": 996563.9, "11": 972814.9}, "lzmh": {"0": 2050482.8}}}}